{"train/Train_Loss": 0.07699531633406878, "val/Valid_Loss": 7.373442649841309, "val/Valid_Accuracy": 0.13657384822526197, "train/Train_Accuracy": 0.9918929686483674, "_timestamp": 1683273723.7467604, "_runtime": 54938.76600241661, "_step": 29}