{"epoch": 5, "train/CE_train:": 8.661520957946777, "train/Dist_Train": 4.322515964508057, "val/CE_val": 4.39995672305425, "val/Val_Acc": 3.815569196428571, "lr": 0.00019683, "train/Train_Acc": 5.8999999999999995, "_timestamp": 1683291391.2787278, "_runtime": 370.8908417224884, "_step": 4}