{"train/Train_Loss": 2.5715249828670337, "val/Valid_Loss": 2.869943857192993, "val/Valid_Accuracy": 0.2865, "train/Train_Accuracy": 0.3661875, "_timestamp": 1683228212.2384286, "_runtime": 3975.2954766750336, "_step": 86}