{"train/Train_Loss": 21.816803476084832, "val/Valid_Loss": 20.593664169311523, "val/Valid_Accuracy": 0.025, "train/Train_Accuracy": 0.021145833333333332, "_timestamp": 1683288183.8031783, "_runtime": 7956.783849239349, "_step": 106}