{"train/Train_Loss": 2.0639914637026577, "val/Valid_Loss": 2.8497653007507324, "val/Valid_Accuracy": 0.3115, "train/Train_Accuracy": 0.47654166666666664, "_timestamp": 1683224109.0911827, "_runtime": 4884.179151773453, "_step": 65}