{"train/Train_Loss": 2.9969251363173774, "val/Valid_Loss": 3.0763559341430664, "val/Valid_Accuracy": 0.24, "train/Train_Accuracy": 0.283375, "_timestamp": 1683292557.161792, "_runtime": 3923.5779359340668, "_step": 99, "_wandb": {"runtime": 3922}}